{"cameraMode":{"drawMode":0,"name":"Shaded","section":"Shading Mode"},"sceneLighting":false,"audioPlay":false,"sceneViewState":{"showFog":true,"showMaterialUpdate":false,"showSkybox":false,"showFlares":true,"showImageEffects":true,"showParticleSystems":true,"showVisualEffectGraphs":true,"m_FxEnabled":true},"in2DMode":false,"pivot":{"x":-2.0931663513183595,"y":20.481897354125978,"z":-3.6546783447265627},"rotation":{"x":-0.11521602421998978,"y":0.15960922837257386,"z":-0.01876002550125122,"w":-0.9802548885345459},"size":21.566659927368165,"orthographic":false}