{"cameraMode":{"drawMode":0,"name":"Shaded","section":"Shading Mode"},"sceneLighting":false,"audioPlay":false,"sceneViewState":{"showFog":true,"showMaterialUpdate":false,"showSkybox":false,"showFlares":true,"showImageEffects":true,"showParticleSystems":true,"showVisualEffectGraphs":true,"m_FxEnabled":true},"in2DMode":false,"pivot":{"x":0.6823225021362305,"y":2.3880698680877687,"z":0.056377410888671878},"rotation":{"x":0.19411034882068635,"y":-0.22920532524585725,"z":0.046701475977897647,"w":0.9526849389076233},"size":3.5443618297576906,"orthographic":false}