{"cameraMode":{"drawMode":0,"name":"Shaded","section":"Shading Mode"},"sceneLighting":true,"audioPlay":false,"sceneViewState":{"showFog":true,"showMaterialUpdate":false,"showSkybox":true,"showFlares":true,"showImageEffects":true,"showParticleSystems":true,"showVisualEffectGraphs":true,"m_FxEnabled":true},"in2DMode":false,"pivot":{"x":16.109853744506837,"y":2.583761215209961,"z":-7.121120452880859},"rotation":{"x":0.04029743745923042,"y":0.9596291780471802,"z":-0.20334258675575257,"w":0.19014997780323029},"size":29.879743576049806,"orthographic":false}