{"cameraMode":{"drawMode":0,"name":"Shaded","section":"Shading Mode"},"sceneLighting":false,"audioPlay":false,"sceneViewState":{"showFog":true,"showMaterialUpdate":false,"showSkybox":false,"showFlares":true,"showImageEffects":true,"showParticleSystems":true,"showVisualEffectGraphs":true,"m_FxEnabled":true},"in2DMode":false,"pivot":{"x":0.19900083541870118,"y":0.9000294804573059,"z":-0.25017452239990237},"rotation":{"x":-0.003801275510340929,"y":-0.9906593561172485,"z":-0.02824140526354313,"w":0.13334272801876069},"size":1.0987454652786255,"orthographic":false}